"2020-001","2020-001-01","2020-001-01-01","2020-001-01-01-01",12/14/2020,1,,"141 S. Ct. 509","208 L. Ed. 2d 343","2020 U.S. LEXIS 6091",2020,1709,"Roberts","22O65","TEXAS v. NEW MEXICO",10/5/2020,,28,51,28,36,9,,,0,,,,,,1,,,1,9,0,0,0,0,110020,11,3,0,3,,5,510,,116,111,1,7,1
"2020-002","2020-002-01","2020-002-01-01","2020-002-01-01-01",12/10/2020,1,,"141 S. Ct. 493","208 L. Ed. 2d 305","2020 U.S. LEXIS 5990",2020,1709,"Roberts","19-309","CARNEY v. ADAMS",10/5/2020,,19,9,145,,1,,,0,54,,23,,0,12,6,2,1,5,0,1,0,0,90220,9,1,,2,,1,139,,110,111,1,8,0
"2020-003","2020-003-01","2020-003-01-01","2020-003-01-01-01",12/10/2020,1,,"141 S. Ct. 486","208 L. Ed. 2d 295","2020 U.S. LEXIS 5987",2020,1709,"Roberts","19-71","TANZIN v. TANVIR",10/6/2020,,19,60,130,,1,,,0,96,,22,,1,12,3,2,1,2,0,0,0,0,30160,3,2,,4,,3,361,,108,111,1,8,0
"2020-004","2020-004-01","2020-004-01-01","2020-004-01-01-01",12/10/2020,1,,"141 S. Ct. 474","208 L. Ed. 2d 327","2020 U.S. LEXIS 5988",2020,1709,"Roberts","18-540","RUTLEDGE v. PHARMACEUTICAL CARE MANAGEMENT ASSOCIATION",10/6/2020,,7,5,144,,1,,,,46,,28,,0,12,2,1,1,4,0,1,0,0,100030,10,2,,4,,3,323,,113,111,1,8,0
"2020-005","2020-005-01","2020-005-01-01","2020-005-01-01-01",3/25/2021,1,,"141 S. Ct. 1017","209 L. Ed. 2d 225","2021 U.S. LEXIS 1610",2020,1709,"Roberts","19-368","FORD MOTOR COMPANY v. MONTANA EIGHTH JUDICIAL DISTRICT COURT",10/7/2020,,189,,208,,1,,,0,302,31,300,31,0,11,2,2,1,2,0,0,0,0,40060,4,2,0,2,,2,230,,114,111,1,8,0
"2020-006","2020-006-01","2020-006-01-01","2020-006-01-01-01",4/5/2021,1,,"141 S. Ct. 1163","209 L. Ed. 2d 311","2021 U.S. LEXIS 1864",2020,1709,"Roberts","18-956","GOOGLE LLC v. ORACLE AMERICA INC.",10/7/2020,,133,,133,,1,,,0,50,,8,,0,11,4,1,1,4,0,1,0,0,80190,8,2,0,4,,6,600,"17 U.S.C. 107",110,111,1,6,2
"2020-007","2020-007-01","2020-007-01-01","2020-007-01-01-01",1/14/2021,1,,"141 S. Ct. 585","208 L. Ed. 2d 384","2021 U.S. LEXIS 496",2020,1709,"Roberts","19-357","CITY OF CHICAGO, ILLINOIS v. FULTON",10/13/2020,,3,17,138,,1,,,0,20,,27,,0,2,2,2,1,5,0,1,0,0,80030,8,1,,4,,3,307,,112,111,1,8,0
"2020-008","2020-008-01","2020-008-01-01","2020-008-01-01-01",12/10/2020,1,,"141 S. Ct. 467","208 L. Ed. 2d 318","2020 U.S. LEXIS 5989",2020,1709,"Roberts","19-108","UNITED STATES. v. BRIGGS",10/13/2020,,27,,186,,1,,,0,,,4,,0,12,3,2,1,4,0,1,0,0,10570,1,1,,4,,3,377,,112,111,1,8,0
"2020-009","2020-009-01","2020-009-01-01","2020-009-01-01-01",3/25/2021,1,,"141 S. Ct. 989","209 L. Ed. 2d 190","2021 U.S. LEXIS 1611",2020,1709,"Roberts","19-292","TORRES v. MADRID",10/14/2020,,208,,19,36,1,,,0,93,,30,,0,12,2,1,1,5,0,1,0,0,10050,1,2,0,2,,2,205,,111,111,1,5,3
"2020-010","2020-010-01","2020-010-01-01","2020-010-01-01-01",3/4/2021,1,,"141 S. Ct. 754","209 L. Ed. 2d 47","2021 U.S. LEXIS 1278",2020,1709,"Roberts","19-438","PEREIDA v. WILKINSON",10/14/2020,,106,,1,,1,7,,0,28,,28,,,2,9,1,1,2,0,0,0,0,20110,2,1,0,4,,3,344,,115,111,1,5,3
"2020-011","2020-011-01","2020-011-01-01","2020-011-01-01-01",3/4/2021,1,,"144 S. Ct. 777","209 L. Ed. 2d 78","2021 U.S. LEXIS 1279",2020,1709,"Roberts","19-547","U.S. FISH AND WILDLIFE SERVICE v. SIERRA CLUB",11/2/2020,,326,,150,,1,,,0,50,,29,,1,12,6,2,1,4,0,1,0,0,50040,5,1,0,4,,3,335,,117,111,1,7,2
"2020-012","2020-012-01","2020-012-01-01","2020-012-01-01-01",2/3/2021,1,,"141 S. Ct. 691","208 L. Ed. 2d 608","2021 U.S. LEXIS 753",2020,1709,"Roberts","19-199","SALINAS v. U.S. RAILROAD RETIREMENT BOARD",11/2/2020,,140,,402,,1,102,,0,25,,25,,0,2,9,1,1,4,0,1,0,0,70200,7,2,,4,,6,600,"Railroad Retirement Act",113,111,1,5,4
"2020-013","2020-013-01","2020-013-01-01","2020-013-01-01-01",6/10/2021,7,,"141 S. Ct. 1817","210 L. Ed. 2d 63","2021 U.S. LEXIS 2990",2020,1709,"Roberts","19-5410","BORDEN v. UNITED STATES",11/3/2020,,126,,27,,1,,,0,116,,26,,0,2,2,1,1,4,0,1,0,0,10440,1,2,0,4,,6,600,"Armed Career Criminal Act, 18 U.S.C. 924",114,108,1,5,4
"2020-014","2020-014-01","2020-014-01-01","2020-014-01-01-01",4/22/2021,1,,"141 S. Ct. 1307","209 L. Ed. 2d 390","2021 U.S. LEXIS 2110",2020,1709,"Roberts","18-1259","JONES v. MISSISSIPPI",11/3/2020,,126,,28,29,1,,,0,302,29,301,29,0,9,2,1,1,2,0,0,0,0,10140,1,1,0,2,,2,221,,116,111,1,6,3
"2020-015","2020-015-01","2020-015-01-01","2020-015-01-01-01",6/17/2021,1,,"141 S. Ct. 1868","210 L. Ed. 2d 137","2021 U.S. LEXIS 3121",2020,1709,"Roberts","19-123","FULTON v. CITY OF PHILADELPHIA, PENNSYLVANIA",11/4/2020,,130,,3,45,1,,,0,109,,23,,0,12,2,2,1,4,0,1,0,0,20130,2,1,,4,,8,800,,111,111,1,9,0
"2020-016","2020-016-01","2020-016-01-01","2020-016-01-01-01",2/25/2021,1,,"141 S. Ct. 740","209 L. Ed. 2d 33","2021 U.S. LEXIS 1198",2020,1709,"Roberts","19-546","BROWNBACK v. KING",11/9/2020,,19,60,208,,1,,,0,82,,26,,1,12,3,2,1,3,0,1,0,0,80060,8,1,,4,,3,374,,108,111,1,9,0
"2020-017","2020-017-01","2020-017-01-01","2020-017-01-01-01",4/29/2021,1,,"141 S. Ct. 1474","209 L. Ed. 2d 433","2021 U.S. LEXIS 2232",2020,1709,"Roberts","19-863","NIZ-CHAVEZ v. GARLAND, ATTORNEY GENERAL",11/9/2020,,106,,1,,1,7,,0,26,,26,,0,2,2,1,1,3,0,1,0,0,20310,2,2,0,4,,3,344,,115,108,1,6,3
"2020-018","2020-018-01","2020-018-01-01","2020-018-01-01-01",6/17/2021,1,,"141 S. Ct. 2104","210 L. Ed. 2d 230","2021 U.S. LEXIS 3119",2020,1709,"Roberts","19-840","CALIFORNIA v. TEXAS",11/10/2020,,28,6,28,51,1,,,0,120,,25,,0,12,6,2,1,4,0,1,0,0,90310,9,1,0,1,,1,139,,110,111,1,7,2
"2020-019","2020-019-01","2020-019-01-01","2020-019-01-01-01",6/3/2021,1,,"141 S. Ct. 1648","210 L. Ed. 2d 26","2021 U.S. LEXIS 2843",2020,1709,"Roberts","19-783","VAN BUREN v. UNITED STATES",11/30/2020,,126,,27,,1,,,0,60,,31,,0,2,2,1,1,4,0,1,0,0,10570,1,2,0,4,,6,600,"Computer Fraud and Abuse Act",117,110,1,6,3
"2020-020","2020-020-01","2020-020-01-01","2020-020-01-01-01",5/17/2021,1,,"141 S. Ct. 1547","209 L. Ed. 2d 651","2021 U.S. LEXIS 2584",2020,1709,"Roberts","19-5807","EDWARDS v. VANNOY, WARDEN",12/2/2020,,215,,19,22,1,,,0,76,,25,,0,11,9,1,1,2,0,0,1,0,10040,1,1,0,,,1,121,,116,111,1,6,3
"2020-021","2020-021-01","2020-021-01-01","2020-021-01-01-01",6/17/2021,7,,"141 S. Ct. 1931","210 L. Ed. 2d 207","2021 U.S. LEXIS 3120",2020,1709,"Roberts","19-416","NESTLE USA v. DOE I",12/1/2020,,122,,106,,1,,,0,48,,29,,0,12,4,2,1,4,0,1,0,0,90230,9,1,1,4,,6,600,"28 U.S.C. 1350",108,111,1,8,1
"2020-022","2020-022-01","2020-022-01-01","2020-022-01-01-01",5/17/2021,1,,"141 S. Ct. 1582","209 L. Ed. 2d 615","2021 U.S. LEXIS 2585",2020,1709,"Roberts","19-930","CIC SERVICES, LLC v. INTERNAL REVENUE SERVICE",12/1/2020,,122,,369,,1,,,0,116,,26,,1,12,2,2,1,4,0,1,0,0,120010,12,1,,4,,6,600,"26 USC 7421",114,111,1,9,0
"2020-025","2020-025-01","2020-025-01-01","2020-025-01-01-01",2/3/2021,6,,"141 S. Ct. 691","208 L. Ed. 2d 625","2021 U.S. LEXIS 755",2020,1709,"Roberts","18-1447","REPUBLIC OF HUNGARY v. SIMON",12/7/2020,,24,,166,,1,,,,55,,32,,,,2,2,1,5,0,1,0,0,80060,8,1,,,,,,,,111,1,9,0
"2020-026","2020-026-01","2020-026-01-01","2020-026-01-01-01",2/3/2021,1,,"141 S. Ct. 703","208 L. Ed. 2d 589","2021 U.S. LEXIS 756",2020,1709,"Roberts","19-351","FEDERAL REPUBLIC OF GERMANY v. PHILIPP",12/7/2020,,24,,166,,1,,,0,55,,32,,1,13,2,2,1,5,0,1,0,0,80060,8,1,0,4,,6,600,"Foreign Sovereign Immunities Act",111,111,1,9,0
"2020-027","2020-027-01","2020-027-01-01","2020-027-01-01-01",4/1/2021,1,,"141 S. Ct. 1163","209 L. Ed. 2d 272","2021 U.S. LEXIS 1742",2020,1709,"Roberts","19-511","FACEBOOK INC. v. DUGUID",12/8/2020,,133,,174,,1,,,0,50,,29,,0,2,4,2,1,4,0,1,0,0,80340,8,1,,4,,6,600,"Telephone Consumer Protection Act, 47 U.S.C. 227",113,111,1,9,0
"2020-028","2020-028-01","2020-028-01-01","2020-028-01-01-01",1/25/2021,6,,"141 S. Ct. 656","208 L. Ed. 2d 512","2021 U.S. LEXIS 746",2020,1709,"Roberts","19-963","HENRY SCHEIN INC. v. ARCHER AND WHITE SALES INC.",12/8/2020,,184,,141,,1,,,0,119,,25,,,,,,1,9,0,0,0,0,,,,,,,,,,,111,1,9,0
"2020-029","2020-029-01","2020-029-01-01","2020-029-01-01-01",6/23/2021,1,,"141 S. Ct. 1761","210 L. Ed. 2d 432","2021 U.S. LEXIS 3397",2020,1709,"Roberts","19-422","COLLINS v. YELLEN",12/9/2020,,237,,408,,1,,,0,121,,25,,1,12,6,3,2,7,0,1,0,0,130015,13,2,0,1,,1,131,,112,111,1,7,2
"2020-030","2020-030-01","2020-030-01-01","2020-030-01-01-01",4/22/2021,1,,"141 S. Ct. 1341","209 L. Ed. 2d 361","2021 U.S. LEXIS 2108",2020,1709,"Roberts","19-508","AMG CAPITAL MANAGEMENT, LLC v. FEDERAL TRADE COMMISSION",1/13/2021,,135,,357,,1,,,0,90,,29,,0,2,2,2,1,4,0,1,0,0,80170,8,1,,4,,3,337,,110,111,1,9,0
"2020-031","2020-031-01","2020-031-01-01","2020-031-01-01-01",6/29/2021,1,,"141 S. Ct. 2271","210 L. Ed. 2d 656","2021 U.S. LEXIS 3562",2020,1709,"Roberts","19-897","JOHNSON v. GUZMAN CHAVEZ",1/11/2021,,368,,106,,1,,,0,126,,24,,1,2,2,2,1,3,0,1,0,0,20110,2,1,0,4,,3,344,,112,111,1,6,3
"2020-032","2020-032-01","2020-032-01-01","2020-032-01-01-01",3/8/2021,1,,"141 S. Ct. 792","209 L. Ed. 2d 94","2021 U.S. LEXIS 1372",2020,1709,"Roberts","19-968","UZUEGBUNAM v. PRECZEWSKI",1/12/2021,,239,,26,13,1,,,0,60,,31,,0,11,2,1,1,4,0,1,0,0,90260,9,2,0,1,,1,139,,108,108,1,8,1
"2020-033","2020-033-01","2020-033-01-01","2020-033-01-01-01",12/18/2020,6,,"141 S. Ct. 530","208 L. Ed. 2d 365","2020 U.S. LEXIS 6105",2020,1709,"Roberts","20-366","TRUMP v. NEW YORK",11/30/2020,,19,60,28,37,2,,,1,96,,96,,0,1,,2,1,5,0,1,0,0,90310,9,1,0,1,,1,139,,,111,1,6,3
"2020-035","2020-035-01","2020-035-01-01","2020-035-01-01-01",11/2/2020,2,,"141 S. Ct. 52","208 L. Ed. 2d 164","2020 U.S. LEXIS 5193",2020,1709,"Roberts","19-1261","TAYLOR v. RIOJAS",,,215,,8,51,1,,,,120,,25,,0,12,7,1,1,5,0,1,0,0,10140,1,2,0,3,,2,221,,,111,1,7,1
"2020-036","2020-036-01","2020-036-01-01","2020-036-01-01-01",11/2/2020,2,,"141 S. Ct. 48","208 L. Ed. 2d 158","2020 U.S. LEXIS 5192",2020,1709,"Roberts","19-1108","MCKESSON v. DOE",,,218,,208,,1,,,,76,,25,,1,12,7,3,1,5,0,1,0,0,140060,14,3,0,3,,8,800,,,111,1,7,1
"2020-037","2020-037-01","2020-037-01-01","2020-037-01-01-01",12/14/2020,2,,"141 S. Ct. 517","208 L. Ed. 2d 353","2020 U.S. LEXIS 6092",2020,1709,"Roberts","19-1302","SHINN v. KAYER",,,7,4,215,,1,,,0,29,,45,,1,12,1,2,1,5,0,1,0,0,10020,1,1,0,4,,3,341,,,111,1,6,3
"2020-038","2020-038-01","2020-038-01-01","2020-038-01-01-01",4/1/2021,1,,"141 S. Ct. 1150","209 L. Ed. 2d 287","2021 U.S. LEXIS 1740",2020,1709,"Roberts","19-1231","FEDERAL COMMUNICATIONS COMMISSION v. PROMETHEUS RADIO PROJECT",1/19/2021,,338,,134,,1,38,,0,23,,23,,1,12,8,2,1,3,0,1,0,0,80320,8,1,,3,,3,326,,116,111,1,9,0
"2020-039","2020-039-01","2020-039-01-01","2020-039-01-01-01",5/17/2021,1,,"141 S. Ct. 1532","209 L. Ed. 2d 631","2021 U.S. LEXIS 2586",2020,1709,"Roberts","19-1189","BP P.L.C. v. MAYOR AND CITY COUNCIL OF BALTIMORE",1/19/2021,,198,,3,25,1,,,0,79,,24,,0,2,2,1,1,5,0,1,0,0,90090,9,2,0,4,,6,600,"28 U.S.C. 1442",115,111,1,7,1
"2020-040","2020-040-01","2020-040-01-01","2020-040-01-01-01",4/1/2021,1,,"1415 S. Ct. 1175","209 L. Ed. 2d 301","2021 U.S. LEXIS 1741",2020,1709,"Roberts","22O142","FLORIDA v. GEORGIA",2/22/2021,,28,12,28,13,9,,,0,,,,,,1,,,1,9,0,0,0,0,110020,11,3,,3,,1,140,,117,111,1,9,0
"2020-042","2020-042-01","2020-042-01-01","2020-042-01-01-01",6/1/2021,1,,"141 S. Ct. 1669","210 L. Ed. 2d 11","2021 U.S. LEXIS 2740",2020,1709,"Roberts","19-1155","GARLAND v. MING DAI",2/23/2021,,1,,106,,1,7,,0,29,,29,,1,2,1,2,1,5,0,1,0,0,20310,2,1,,4,,3,344,,115,111,1,9,0
"2020-043","2020-043-01","2020-043-01-01","2020-043-01-01-01",6/23/2021,1,,"141 S. Ct. 2011","210 L. Ed. 2d 486","2021 U.S. LEXIS 3396",2020,1709,"Roberts","20-18","LANGE v. CALIFORNIA",2/24/2021,,126,,28,6,1,,,0,302,6,301,6,0,4,2,1,1,5,0,1,0,0,10050,1,2,,2,,2,205,,114,111,1,9,0
"2020-044","2020-044-01","2020-044-01-01","2020-044-01-01-01",6/21/2021,1,,"141 S. Ct. 1970","210 L. Ed. 2d 268","2021 U.S. LEXIS 3124",2020,1709,"Roberts","19-1434","UNITED STATES v. ARTHREX INC.",3/1/2021,,27,,172,,1,94,,0,8,,8,,0,11,5,3,2,5,0,2,0,0,130015,13,3,0,1,,1,135,,111,111,1,5,4
"2020-046","2020-046-01","2020-046-01-01","2020-046-01-01-01",7/1/2021,1,,"141 S. Ct. 2321","210 L. Ed. 2d 753","2021 U.S. LEXIS 3568",2020,1709,"Roberts","19-1257","BRNOVICH v. DEMOCRATIC NATIONAL COMMITTEE",3/2/2021,,7,4,211,,1,,,0,45,,29,,1,12,4,2,1,4,0,1,0,0,20020,2,1,0,4,,3,378,,112,111,1,6,3
"2020-047","2020-047-01","2020-047-01-01","2020-047-01-01-01",4/22/2021,1,,"141 S. Ct. 1352","209 L. Ed. 2d 376","2021 U.S. LEXIS 2109",2020,1709,"Roberts","19-1442","CARR v. SAUL, COMMISSIONER OF SOCIAL SECURITY",3/3/2021,,140,,406,,1,106,,0,106,,30,,0,2,3,1,1,4,0,1,0,0,90120,9,2,,3,,1,135,,113,111,1,9,0
"2020-049","2020-049-01","2020-049-01-01","2020-049-01-01-01",6/1/2021,1,,"141 S. Ct. 1638","210 L. Ed. 2d 11","2021 U.S. LEXIS 2816",2020,1709,"Roberts","19-1414","UNITED STATES v. COOLEY",3/23/2021,,27,,100,,1,,,0,88,,29,,1,11,2,1,1,5,0,1,0,0,20150,2,2,,1,,5,502,,110,111,1,9,0
"2020-051","2020-051-01","2020-051-01-01","2020-051-01-01-01",6/23/2021,1,,"141 S. Ct. 2063","210 L. Ed. 2d 369","2021 U.S. LEXIS 3394",2020,1709,"Roberts","20-107","CEDAR POINT NURSERY v. HASSID",3/22/2021,,152,,249,,1,,,0,49,,29,,1,12,2,2,3,4,0,1,0,0,40070,4,1,0,2,,2,211,,111,111,1,6,3
"2020-052","2020-052-01","2020-052-01-01","2020-052-01-01-01",5/17/2021,1,,"141 S. Ct. 1596","209 L. Ed. 2d 604","2021 U.S. LEXIS 2582",2020,1709,"Roberts","20-157","CANIGLIA v. STROM",3/24/2021,,227,,19,47,1,,,0,113,,21,,0,12,2,1,1,5,0,1,0,0,10050,1,2,,2,,2,205,,108,111,1,9,0
"2020-053","2020-053-01","2020-053-01-01","2020-053-01-01-01",6/21/2021,1,,"141 S. Ct. 1951","210 L. Ed. 2d 347","2021 U.S. LEXIS 3391",2020,1709,"Roberts","20-222","GOLDMAN SACHS GROUP INC. v. ARKANSAS TEACHER RETIREMENT SYSTEM",3/29/2021,,119,,237,,1,,,0,96,,22,,1,12,2,2,1,5,0,1,0,0,80120,8,1,0,7,4,3,365,,117,111,1,5,4
"2020-054","2020-054-01","2020-054-01-01","2020-054-01-01-01",6/25/2021,1,,"141 S. Ct. 2190","210 L. Ed. 2d 568","2021 U.S. LEXIS 3401",2020,1709,"Roberts","20-297","TRANSUNION LLC v. RAMIREZ",3/30/2021,,122,,134,,1,,,0,50,,29,,1,12,2,2,1,4,0,1,0,0,90230,9,1,0,1,7,1,139,,116,111,1,5,4
"2020-055","2020-055-01","2020-055-01-01","2020-055-01-01-01",6/21/2021,1,,"141 S. Ct. 2141","210 L. Ed. 2d 314","2021 U.S. LEXIS 3123",2020,1709,"Roberts","20-512","NATIONAL COLLEGIATE ATHLETIC ASSOCIATION v. ALSTON",3/31/2021,,192,,239,,1,,,0,50,,29,,0,11,2,2,1,2,0,0,0,0,80010,8,2,,4,7,3,367,,115,111,1,9,0
"2020-056","2020-056-01","2020-056-01-01","2020-056-01-01-01",7/1/2021,7,,"141 S. Ct. 2373","210 L. Ed. 2d 716","2021 U.S. LEXIS 3569",2020,1709,"Roberts","19-251","AMERICANS FOR PROSPERITY FOUNDATION v. BONTA",4/26/2021,,192,,7,6,1,,,0,48,,29,,1,12,4,1,3,4,0,1,0,0,30010,3,2,0,2,,2,201,,111,111,1,6,3
"2020-057","2020-057-01","2020-057-01-01","2020-057-01-01-01",6/23/2021,1,,"141 S. Ct. 2038","210 L. Ed. 2d 403","2021 U.S. LEXIS 3395",2020,1709,"Roberts","20-255","MAHANOY AREA SCHOOL DISTRICT v. B.L.",4/28/2021,,21,45,239,,1,,,0,110,,23,,0,11,2,2,1,2,0,0,0,0,30010,3,2,,2,,2,200,,110,111,1,8,1
"2020-058","2020-058-01","2020-058-01-01","2020-058-01-01-01",6/7/2021,1,,"141 S. Ct. 1809","210 L. Ed. 2d 52","2021 U.S. LEXIS 2960",2020,1709,"Roberts","20-315","SANCHEZ v. MAYORKAS",4/19/2021,,106,,422,,1,,,0,92,,23,,0,2,3,1,1,2,0,0,0,0,20260,2,1,,4,,6,600,"8 U.S.C. 1255",114,111,1,9,0
"2020-059","2020-059-01","2020-059-01-01","2020-059-01-01-01",5/27/2021,1,,"141 S. Ct. 1628","209 L. Ed. 2d 712","2021 U.S. LEXIS 2738",2020,1709,"Roberts","20-334","CITY OF SAN ANTONIO, TEXAS v. HOTELS.COM, L.P.",4/21/2021,,3,51,133,,1,,,0,122,,25,,0,12,2,1,1,2,0,0,0,0,90110,9,1,,4,,4,400,,112,111,1,9,0
"2020-060","2020-060-01","2020-060-01-01","2020-060-01-01-01",5/24/2021,1,,"141 S. Ct. 1608","209 L. Ed. 2d 691","2021 U.S. LEXIS 2734",2020,1709,"Roberts","20-382","GUAM v. UNITED STATES",4/26/2021,,28,14,27,,1,,,0,55,,32,,0,12,4,1,1,4,0,1,0,0,80130,8,2,,4,,6,600,"CERCLA, 42 U.S.C. 113",108,111,1,9,0
"2020-061","2020-061-01","2020-061-01-01","2020-061-01-01-01",5/24/2021,1,,"141 S. Ct. 1615","209 L. Ed. 2d 703","2021 U.S. LEXIS 2730",2020,1709,"Roberts","20-437","UNITED STATES v. PALOMAR-SANTIAGO",4/27/2021,,27,,106,,1,,,0,90,,29,,0,2,2,2,1,4,0,1,0,0,10480,1,1,,4,,6,600,"8 U.S.C. 1326",113,111,1,9,0
"2020-062","2020-062-01","2020-062-01-01","2020-062-01-01-01",6/29/2021,1,,"141 S. Ct. 2298","210 L. Ed. 2d 689","2021 U.S. LEXIS 3563",2020,1709,"Roberts","20-440","MINERVA SURGICAL INC. v. HOLOGIC INC.",4/21/2021,,172,,172,,1,,,0,54,,8,,0,10,7,1,1,5,0,1,0,0,80180,8,2,0,7,4,6,600,"Patent Acts",114,111,1,5,4
"2020-064","2020-064-01","2020-064-01-01","2020-064-01-01-01",6/25/2021,1,,"141 S. Ct. 2172","210 L. Ed. 2d 547","2021 U.S. LEXIS 3399",2020,1709,"Roberts","20-472","HOLLYFRONTIER CHEYENNE REFINING, LLC v. RENEWABLE FUELS ASSOCIATION",4/27/2021,,198,,198,,1,33,,0,30,,30,,0,11,5,2,1,3,0,1,0,0,80290,8,1,0,4,,6,600,"121 Stat. 1519",115,111,1,6,3
"2020-065","2020-065-01","2020-065-01-01","2020-065-01-01-01",6/25/2021,1,,"141 S. Ct. 2434","210 L. Ed. 2d 517","2021 U.S. LEXIS 3400",2020,1709,"Roberts","20-543","YELLEN v. CONFEDERATED TRIBES OF THE CHEHALIS RESERVATION",4/19/2021,,408,,170,,1,,,0,55,,32,,0,2,3,2,1,4,0,1,0,0,20150,2,1,0,4,,6,600,"42 U. S. C. 801",113,111,1,6,3
"2020-066","2020-066-01","2020-066-01-01","2020-066-01-01-01",6/14/2021,1,,"141 S. Ct. 1858","210 L. Ed. 2d 108","2021 U.S. LEXIS 3111",2020,1709,"Roberts","20-5904","TERRY v. UNITED STATES",5/4/2021,,215,,27,,1,,,0,58,,31,,0,12,2,1,1,2,0,0,0,0,10510,1,1,,4,,6,600,"First Step Act,",108,111,1,9,0
"2020-067","2020-067-01","2020-067-01-01","2020-067-01-01-01",6/14/2021,1,,"141 S. Ct. 2090","210 L. Ed. 2d 121","2021 U.S. LEXIS 3118",2020,1709,"Roberts","19-8709","GREER v. UNITED STATES",4/20/2021,,126,,27,,1,,,0,56,,31,,0,2,2,1,1,2,0,0,0,0,10040,1,1,,4,,4,401,,116,111,1,9,0
"2020-068","2020-068-01","2020-068-01-01","2020-068-01-01-01",6/29/2021,1,,"141 S. Ct. 2244","210 L. Ed. 2d 624","2021 U.S. LEXIS 3564",2020,1709,"Roberts","19-1039","PENNEAST PIPELINE CO. v. NEW JERSEY",4/28/2021,,148,,28,35,1,44,,,92,,23,,0,11,5,1,1,4,0,1,0,0,40070,4,2,0,1,,2,211,,111,111,1,5,4
"2020-070","2020-070-01","2020-070-01-01","2020-070-01-01-01",3/29/2021,2,,"141 S. Ct. 1145","209 L. Ed. 2d 265","2021 U.S. LEXIS 1736",2020,1709,"Roberts","20-507","MAYS, WARDEN v. HINES",,,7,50,215,,1,,,0,117,,26,,1,12,3,2,1,3,0,1,0,0,10020,1,1,0,4,,3,341,,,111,1,8,1
"2020-071","2020-071-01","2020-071-01-01","2020-071-01-01-01",4/26/2021,2,,"141 S. Ct. 1467","209 L. Ed. 2d 431","2021 U.S. LEXIS 2224",2020,1709,"Roberts","20-940","ALASKA v. WRIGHT",,,28,2,126,,1,,,0,44,,29,,0,12,4,2,1,5,0,1,0,0,10020,1,1,,4,3,3,341,,,111,1,9,0
"2020-072","2020-072-01","2020-072-01-01","2020-072-01-01-01",7/2/2021,2,,"141 S. Ct. 2405","210 L. Ed. 2d 812","2021 U.S. LEXIS 3590",2020,1709,"Roberts","20-1084","DUNN v. REEVES",,,7,1,215,,1,,,0,43,,31,,0,12,6,2,1,4,0,1,0,0,10020,1,1,0,3,,3,341,,,111,1,6,3
"2020-073","2020-073-01","2020-073-01-01","2020-073-01-01-01",6/28/2021,2,,"141 S. Ct. 2226","210 L. Ed. 2d 617","2021 U.S. LEXIS 3557",2020,1709,"Roberts","20-1212","PAKDEL v. CITY AND COUNTY OF SAN FRANCISCO",,,195,,3,6,1,,,0,50,,29,,1,12,2,2,3,5,0,1,0,0,40070,4,1,,2,,2,211,,,111,1,9,0
"2020-074","2020-074-01","2020-074-01-01","2020-074-01-01-01",6/28/2021,2,,"141 S. Ct. 2239","210 L. Ed. 2d 609","2021 U.S. LEXIS 3547",2020,1709,"Roberts","20-391","LOMBARDO v. ST. LOUIS",,,202,,3,30,1,,,0,86,,28,,0,12,2,1,1,5,0,1,0,0,40040,4,2,0,3,,2,207,,,111,1,6,3
"2021-001","2021-001-01","2021-001-01-01","2021-001-01-01-01",3/7/2022,1,,"142 S. Ct. 1063","212 L. Ed. 2d 187","2022 U.S. LEXIS 1421",2021,1709,"Roberts","20-5279","WOODEN v. UNITED STATES",10/4/2021,,126,,27,,1,,,0,116,,26,,0,11,2,1,1,4,0,1,0,0,10560,1,2,,4,,6,600,"Armed Career Criminal Act",114,111,1,9,0
"2021-002","2021-002-01","2021-002-01-01","2021-002-01-01-01",11/21/2021,1,,"142 S. Ct. 31","211 L. Ed. 2d 230","2021 U.S. LEXIS 5870",2021,1709,"Roberts","22O143","MISSISSIPPI v. TENNESSEE",10/4/2021,,28,29,28,50,9,,,0,,,,,,1,,,1,9,0,0,0,0,110030,11,3,,3,,1,140,,111,111,1,9,0
"2021-003","2021-003-01","2021-003-01-01","2021-003-01-01-01",4/21/2022,1,,"142 S. Ct. 1510","212 L. Ed. 2d 463","2022 U.S. LEXIS 2096",2021,1709,"Roberts","20-826","BROWN v. DAVENPORT",10/5/2021,,19,27,126,,1,,,0,82,,26,,1,2,4,2,1,3,0,1,0,0,10020,1,1,0,4,,6,600,"AEDPA",115,111,1,6,3
"2021-004","2021-004-01","2021-004-01-01","2021-004-01-01-01",1/20/2022,1,,"142 S. Ct. 681","211 L. Ed. 2d 534","2022 U.S. LEXIS 590",2021,1709,"Roberts","20-637","HEMPHILL v. NEW YORK",10/5/2021,,126,,28,37,1,,,0,302,37,300,37,0,12,2,1,1,4,0,1,0,0,10270,1,2,0,2,,2,213,,113,111,1,8,1
"2021-005","2021-005-01","2021-005-01-01","2021-005-01-01-01",3/3/2022,1,,"142 S. Ct. 959","212 L. Ed. 2d 65","2022 U.S. LEXIS 1325",2021,1709,"Roberts","20-827","UNITED STATES v. ZUBAYDAH",10/6/2021,,27,,215,,1,,,0,128,,29,,1,11,4,2,1,4,0,1,0,0,50040,5,1,0,1,,4,400,,110,111,1,6,3
"2021-006","2021-006-01","2021-006-01-01","2021-006-01-01-01",3/3/2022,1,,"142 S. Ct. 1002","212 L. Ed. 2d 114","2022 U.S. LEXIS 1324",2021,1709,"Roberts","20-601","CAMERON v. EMW WOMEN’S SURGICAL CENTER, P.S.C.",10/12/2021,,19,21,165,,1,,,0,74,,26,,1,11,9,1,1,4,0,1,0,0,90480,9,2,0,3,,4,400,,112,111,1,8,1
"2021-007","2021-007-01","2021-007-01-01","2021-007-01-01-01",4/4/2022,1,,"142 S. Ct. 1332","212 L. Ed. 2d 382","2022 U.S. LEXIS 1885",2021,1709,"Roberts","20-659","THOMPSON v. CLARK",10/12/2021,,110,,19,37,1,,,0,94,,22,,0,2,2,1,1,4,0,1,0,0,20400,2,2,0,2,,2,205,,116,111,1,6,3
"2021-008","2021-008-01","2021-008-01-01","2021-008-01-01-01",3/4/2022,1,,"142 S. Ct. 1024","212 L. Ed. 2d 140","2022 U.S. LEXIS 1327",2021,1709,"Roberts","20-443","UNITED STATES v. TSARNAEV",10/13/2021,,27,,126,,1,,,0,80,,21,,0,12,8,2,1,3,0,1,0,0,10250,1,1,0,3,,2,217,,108,111,1,6,3
"2021-009","2021-009-01","2021-009-01-01","2021-009-01-01-01",1/13/2022,1,,"142 S. Ct. 641","211 L. Ed. 2d 424","2022 U.S. LEXIS 494",2021,1709,"Roberts","20-480","BABCOCK v. KIJAKAZI",10/13/2021,,145,,406,,1,106,,0,82,,26,,0,2,2,1,1,2,0,0,0,0,90120,9,1,0,4,,3,370,,117,111,1,8,1
"2021-010","2021-010-01","2021-010-01-01","2021-010-01-01-01",5/23/2022,1,,"142 S. Ct. 1718","212 L. Ed. 2d 713","2022 U.S. LEXIS 2557",2021,1709,"Roberts","20-1009","SHINN v. RAMIREZ",12/8/2021,,7,4,215,,1,,,0,45,,29,,1,12,4,2,1,3,0,1,1,0,10020,1,1,0,4,,3,341,,108,111,1,6,3
"2021-011","2021-011-01","2021-011-01-01","2021-011-01-01-01",3/24/2022,1,,"142 S. Ct. 1253","212 L. Ed. 2d 303","2022 U.S. LEXIS 1671",2021,1709,"Roberts","20-804","HOUSTON COMMUNITY COLLEGE SYSTEM v. WILSON",11/2/2021,,26,51,19,51,1,,,0,121,,25,,1,11,3,2,1,3,0,1,0,0,30010,3,1,,2,,2,200,,115,111,1,9,0
"2021-012","2021-012-01","2021-012-01-01","2021-012-01-01-01",3/31/2022,1,,"142 S. Ct. 1310","212 L. Ed. 2d 355","2022 U.S. LEXIS 1794",2021,1709,"Roberts","20-1143","BADGEROW v. WALTERS",11/2/2021,,145,,151,,1,,,0,75,,25,,0,2,2,1,1,4,0,1,0,0,70010,7,2,0,4,,3,388,,114,111,1,8,1
"2021-013","2021-013-01","2021-013-01-01","2021-013-01-01-01",6/23/2022,1,,"141 S. Ct. 2111","213 L. Ed. 2d 387","2022 U.S. LEXIS 3055",2021,1709,"Roberts","20-843","NEW YORK STATE RIFLE & PISTOL ASSOCIATION INC. v. BRUEN",11/3/2021,,207,,7,37,1,,,0,95,,22,,0,12,2,2,3,4,0,1,0,0,10600,1,1,0,2,,2,239,,108,111,1,6,3
"2021-014","2021-014-01","2021-014-01-01","2021-014-01-01-01",3/4/2022,1,,"142 S. Ct. 1051","212 L. Ed. 2d 172","2022 U.S. LEXIS 1326",2021,1709,"Roberts","20-828","FEDERAL BUREAU OF INVESTIGATION v. FAZAGA",11/8/2021,,335,,174,,1,,,0,48,,29,,1,11,3,2,1,4,0,1,0,0,20410,2,1,,,,6,600,"Foreign Intelligence Surveillance Act",112,111,1,9,0
"2021-015","2021-015-01","2021-015-01-01","2021-015-01-01-01",2/24/2022,1,,"145 S. Ct. 941","211 L. Ed. 2d 586","2022 U.S. LEXIS 1226",2021,1709,"Roberts","20-915","UNICOLORS, INC v. H&M HENNES & MAURITZ, LP",11/8/2021,,112,,238,,1,,,0,48,,29,,0,12,4,2,1,5,0,1,0,0,80190,8,1,0,4,,6,600,"Copyright Act",110,111,1,6,3
"2021-016","2021-016-01","2021-016-01-01","2021-016-01-01-01",4/21/2022,1,,"142 S. Ct. 1539","212 L. Ed. 2d 496","2022 U.S. LEXIS 2094",2021,1709,"Roberts","20-303","UNITED STATES v. VAELLO MADERO",11/9/2021,,27,,140,,1,,,0,112,,21,,0,12,2,2,1,3,0,1,0,0,20180,2,1,0,1,,2,212,,116,111,1,8,1
"2021-017","2021-017-01","2021-017-01-01","2021-017-01-01-01",4/21/2022,1,,"142 S. Ct. 1464","212 L. Ed. 2d 418","2022 U.S. LEXIS 2098",2021,1709,"Roberts","20-1029","CITY OF AUSTIN, TEXAS v. REAGAN NATIONAL ADVERTISING OF TEXAS INC",11/10/2021,,3,51,101,,1,,,0,122,,25,,0,12,3,2,1,4,0,1,0,0,30020,3,1,0,2,,2,200,,113,111,1,6,3
"2021-018","2021-018-01","2021-018-01-01","2021-018-01-01-01",6/13/2022,1,,"142 S. Ct. 1827","213 L. Ed. 2d 125","2022 U.S. LEXIS 2836",2021,1709,"Roberts","19-896","JOHNSON v. ARTEAGA-MARTINEZ",1/11/2022,,368,,106,,1,,,0,110,,23,,0,12,2,2,1,4,0,1,0,0,20110,2,1,0,4,,3,344,,113,111,1,8,1
"2021-019","2021-019-01","2021-019-01-01","2021-019-01-01-01",6/24/2022,1,,"142 S. Ct. 2228","213 L. Ed. 2d 545","2022 U.S. LEXIS 3057",2021,1709,"Roberts","19-1392","DOBBS v. JACKSON WOMEN’S HEALTH ORGANIZATION",12/1/2021,,7,29,165,,1,,,0,85,,25,,0,11,4,2,1,4,0,1,1,0,50020,5,1,0,2,7,2,230,,112,111,1,6,3
"2021-020","2021-020-01","2021-020-01-01","2021-020-01-01-01",1/24/2022,1,,"142 S. Ct. 737","211 L. Ed. 2d 558","2022 U.S. LEXIS 622",2021,1709,"Roberts","19-1401","HUGHES v. NORTHWESTERN UNIVERSITY",12/6/2021,,145,,232,,1,,,0,66,,27,,0,12,2,1,1,5,0,1,0,0,80090,8,2,,4,,3,323,,113,111,1,8,0
"2021-021","2021-021-01","2021-021-01-01","2021-021-01-01-01",4/28/2022,1,,"142 S. Ct. 1562","212 L. Ed. 2d 552","2022 U.S. LEXIS 2230",2021,1709,"Roberts","20-219","CUMMINGS v. PREMIER REHAB KELLER, P.L.L.C.",11/30/2021,,140,,165,,1,,,0,120,,25,,0,12,2,1,1,2,0,0,0,0,20210,2,1,0,4,,3,360,,111,111,1,6,3
"2021-022","2021-022-01","2021-022-01-01","2021-022-01-01-01",6/13/2022,1,,"142 S. Ct. 2057","213 L. Ed. 2d 102","2022 U.S. LEXIS 2844",2021,1709,"Roberts","20-322","GARLAND v. GONZALEZ",1/11/2022,,327,,106,,1,,,0,50,,29,,1,11,2,2,1,4,0,1,0,0,20110,2,1,0,4,,3,344,,112,111,1,6,3
"2021-023","2021-023-01","2021-023-01-01","2021-023-01-01-01",5/16/2022,1,,"142 S. Ct. 1614","212 L. Ed. 2d 685","2022 U.S. LEXIS 2494",2021,1709,"Roberts","20-979","PATEL v. GARLAND",12/6/2021,,106,,327,,1,7,,0,31,,31,,,2,9,1,1,2,0,0,0,0,20110,2,1,0,4,,3,344,,117,111,1,5,4
"2021-024","2021-024-01","2021-024-01-01","2021-024-01-01-01",6/21/2022,1,,"142 S. Ct. 1987","213 L. Ed. 2d 286","2022 U.S. LEXIS 3013",2021,1709,"Roberts","20-1088","CARSON v. MAKIN",12/8/2021,,130,,7,23,1,,,0,78,,21,,0,12,2,2,3,4,0,1,0,0,30180,3,1,0,2,,2,202,,111,111,1,6,3
"2021-025","2021-025-01","2021-025-01-01","2021-025-01-01-01",6/15/2022,1,,"142 S. Ct. 1896","213 L. Ed. 2d 251","2022 U.S. LEXIS 2943",2021,1709,"Roberts","20-1114","AMERICAN HOSPITAL ASSOCIATION v. BECERRA",11/30/2021,,167,,363,,1,,,0,55,,32,,1,12,3,2,1,4,0,1,0,0,80350,8,1,,4,,3,309,,116,111,1,9,0
"2021-026","2021-026-01","2021-026-01-01","2021-026-01-01-01",6/6/2022,1,,"142 S. Ct. 1751","213 L. Ed. 2d 1","2022 U.S. LEXIS 2683",2021,1709,"Roberts","20-1263","GALLARDO v. MARSTILLER",1/10/2022,,174,,7,12,1,,,0,57,,31,,1,5,4,1,1,2,0,0,0,0,80060,8,1,0,4,,3,308,,108,111,1,7,2
"2021-027","2021-027-01","2021-027-01-01","2021-027-01-01-01",6/24/2022,1,,"142 S. Ct. 2354","213 L. Ed. 2d 685","2022 U.S. LEXIS 3056",2021,1709,"Roberts","20-1312","BECERRA v. EMPIRE HEALTH FOUNDATION",11/29/2021,,363,,165,,1,124,,0,128,,29,,0,2,2,1,1,4,0,1,0,,80350,8,1,0,4,,3,309,,114,108,1,5,4
"2021-029","2021-029-01","2021-029-01-01","2021-029-01-01-01",6/21/2022,1,,"142 S. Ct. 2015","213 L. Ed. 2d 349","2022 U.S. LEXIS 3017",2021,1709,"Roberts","20-1459","UNITED STATES v. TAYLOR",12/7/2021,,27,,126,,1,,,0,126,,24,,0,2,3,2,1,2,0,0,0,0,10470,1,2,0,4,,6,600,"Hobbs Act",115,111,1,7,2
"2021-030","2021-030-01","2021-030-01-01","2021-030-01-01-01",3/24/2022,1,,"142 S. Ct. 1264","212 L. Ed. 2d 262","2022 U.S. LEXIS 1670",2021,1709,"Roberts","21-5592","RAMIREZ v. COLLIER",11/9/2021,,126,,19,51,1,,,0,121,,25,,1,11,2,1,1,4,0,1,0,0,30160,3,2,0,4,,6,600,"RLUIPA",111,111,1,8,1
"2021-031","2021-031-01","2021-031-01-01","2021-031-01-01-01",10/18/2021,2,,"142 S. Ct. 4","211 L. Ed. 2d 164","2021 U.S. LEXIS 5311",2021,1709,"Roberts","20-1539","RIVAS-VILLEGAS v. CORTESLUNA",,,8,6,110,,1,,,0,50,,29,,1,12,3,2,1,3,0,1,0,0,20400,2,1,,4,,3,318,,,111,1,9,0
"2021-032","2021-032-01","2021-032-01-01","2021-032-01-01-01",10/18/2021,2,,"142 S. Ct. 9","211 L. Ed. 2d 170","2021 U.S. LEXIS 5310",2021,1709,"Roberts","20-1668","CITY OF TAHLEQUAH v. BOND",,,3,42,102,,1,,,0,105,,30,,0,12,3,2,1,3,0,1,0,0,20400,2,1,,4,,3,318,,,111,1,9,0
"2021-033","2021-033-01","2021-033-01-01","2021-033-01-01-01",12/10/2021,7,,"142 S. Ct. 522","211 L. Ed. 2d 316","2021 U.S. LEXIS 6144",2021,1709,"Roberts","21-463","WHOLE WOMAN'S HEALTH v. JACKSON",11/1/2021,,165,,16,51,1,,,0,122,,25,,0,12,,2,1,7,0,2,0,0,90320,9,1,0,2,,2,224,,115,108,1,5,4
"2021-034","2021-034-01","2021-034-01-01","2021-034-01-01-01",12/10/2021,6,,"142 S. Ct. 522","211 L. Ed. 2d 349","2021 U.S. LEXIS 6143",2021,1709,"Roberts","21-588","UNITED STATES v. TEXAS",11/1/2021,,27,,28,51,1,,,0,122,,25,,0,12,,1,1,9,0,,0,0,100120,10,1,0,,,9,900,,,111,1,8,1
"2021-035","2021-035-01","2021-035-01-01","2021-035-01-01-01",1/13/2022,6,,"142 S. Ct. 661","211 L. Ed. 2d 448","2022 U.S. LEXIS 496",2021,1709,"Roberts","21A244","NATIONAL FEDERATION OF INDEPENDENT BUSINESS v. DEPARTMENT OF LABOR, OCCUPATIONAL SAFETY AND HEALTH ADMINISTRATION",1/7/2022,,207,,371,,12,,,0,26,,26,,1,1,2,2,1,1,0,1,0,0,80350,8,1,0,4,,3,358,,,111,1,6,3
"2021-036","2021-036-01","2021-036-01-01","2021-036-01-01-01",1/13/2022,6,,"142 S. Ct. 647","211 L. Ed. 2d 433","2022 U.S. LEXIS 495",2021,1709,"Roberts","21A240","BIDEN v. MISSOURI",1/7/2022,,19,60,28,30,12,,,0,86,,28,,1,1,12,1,1,1,0,1,0,0,80350,8,2,0,4,,3,309,,,111,1,5,4
"2021-037","2021-037-01","2021-037-01-01","2021-037-01-01-01",4/21/2022,1,,"142 S. Ct. 1493","212 L. Ed. 2d 524","2022 U.S. LEXIS 2095",2021,1709,"Roberts","20-1472","BOECHLER, P.C. v. COMMISSIONER OF INTERNAL REVENUE",1/12/2022,,111,,369,,1,69,,0,9,,28,,0,12,2,2,1,4,0,1,0,0,120010,12,1,,4,,3,345,,117,111,1,9,0
"2021-038","2021-038-01","2021-038-01-01","2021-038-01-01-01",4/21/2022,1,,"142 S. Ct. 1502","212 L. Ed. 2d 451","2022 U.S. LEXIS 2097",2021,1709,"Roberts","20-1566","CASSIRER v. THYSSEN-BORNEMISZA COLLECTION FOUNDATION",1/18/2022,,195,,24,,1,,,0,48,,29,,0,2,2,1,1,5,0,1,0,0,140020,14,2,,4,,6,600,"Foreign Sovereign Immunities Act",114,111,1,9,0
"2021-039","2021-039-01","2021-039-01-01","2021-039-01-01-01",5/2/2022,1,,"142 S. Ct. 1583","212 L. Ed. 2d 621","2022 U.S. LEXIS 2327",2021,1709,"Roberts","20-1800","SHURTLEFF v. CITY OF BOSTON",1/18/2022,,130,,3,26,1,,,0,80,,21,,0,11,2,1,4,4,0,1,0,0,30010,3,2,,2,,2,200,,110,111,1,9,0
"2021-040","2021-040-01","2021-040-01-01","2021-040-01-01-01",5/16/2022,1,,"142 S. Ct. 1638","212 L. Ed. 2d 654","2022 U.S. LEXIS 2403",2021,1709,"Roberts","21-12","FEDERAL ELECTION COMMISSION v. TED CRUZ FOR SENATE",1/19/2022,,343,,23,,2,,,1,55,,55,,0,1,,1,2,2,0,0,0,0,30140,3,1,0,1,,2,200,,111,111,1,6,3
"2021-041","2021-041-01","2021-041-01-01","2021-041-01-01-01",6/27/2022,1,,"142 S. Ct. 2389","213 L. Ed. 2d 731","2022 U.S. LEXIS 3070",2021,1709,"Roberts","20-1650","CONCEPCION v. UNITED STATES",1/19/2022,,137,,27,,1,,,0,80,,21,,1,2,2,1,1,4,0,1,0,0,10560,1,2,0,4,,6,600,"First Step Act 132 Stat. 5222",113,108,1,5,4
"2021-042","2021-042-01","2021-042-01-01","2021-042-01-01-01",6/13/2022,1,,,,"2022 U.S. LEXIS 2834",2021,1709,"Roberts","20-7622","DENEZPI v. UNITED STATES",2/22/2022,,126,,27,,1,,,0,52,,30,,0,12,2,1,1,2,0,0,0,0,10170,1,1,0,1,,2,206,,117,111,1,6,3
"2021-043","2021-043-01","2021-043-01-01","2021-043-01-01-01",6/15/2022,1,,,,"2022 U.S. LEXIS 2941",2021,1709,"Roberts","20-493","YSLETA DEL SUR PUEBLO v. TEXAS",2/22/2022,,170,,28,51,1,,,0,122,,25,,0,11,2,1,1,5,0,1,0,0,20160,2,2,0,4,,6,600,"Ysleta del Sur and Alabama and Coushatta Indian Tribes of Texas Restoration Act. 101 Stat. 666",115,110,1,5,4
"2021-044","2021-044-01","2021-044-01-01","2021-044-01-01-01",6/15/2022,6,,"142 S. Ct. 1926","213 L. Ed. 2d 284","2022 U.S. LEXIS 2942",2021,1709,"Roberts","20-1775","ARIZONA v. CITY AND COUNTY OF SAN FRANCISCO, CALIFORNIA",2/23/2022,,,,,,1,,,0,50,,29,,,,,,1,9,0,0,0,0,,,,,,,,,,,111,1,9,0
"2021-045","2021-045-01","2021-045-01-01","2021-045-01-01-01",6/30/2022,1,,"142 S. Ct. 2587","213 L. Ed. 2d 896","2022 U.S. LEXIS 3268",2021,1709,"Roberts","20-1530","WEST VIRGINIA v. ENVIRONMENTAL PROTECTION AGENCY",2/28/2022,,28,57,333,,1,,,0,32,,32,,0,12,5,2,1,4,0,1,0,0,80270,8,1,0,4,5,3,304,,111,111,1,6,3
"2021-046","2021-046-01","2021-046-01-01","2021-046-01-01-01",6/27/2022,1,,"142 S. Ct. 2370","213 L. Ed. 2d 706","2022 U.S. LEXIS 3089",2021,1709,"Roberts","20-1410","RUAN v. UNITED STATES",3/1/2022,,206,,27,,1,,,0,43,,31,,0,11,7,1,1,5,0,1,0,0,10510,1,2,,4,,6,600,"Comprehensive Drug Abuse Prevention and Control Act 21 USC ss 841",110,111,1,9,0
"2021-047","2021-047-01","2021-047-01-01","2021-047-01-01-01",6/21/2022,1,,"142 S. Ct. 1968","213 L. Ed. 2d 376","2022 U.S. LEXIS 3012",2021,1709,"Roberts","20-1641","MARIETTA MEMORIAL HOSPITAL EMPLOYEE HEALTH BENEFIT PLAN v. DAVITA",3/1/2022,,171,,180,,1,,,0,104,,26,,1,2,3,2,1,4,0,1,0,0,80350,8,1,0,4,,3,309,,116,111,1,7,2
"2021-048","2021-048-01","2021-048-01-01","2021-048-01-01-01",6/8/2022,1,,"142 S. Ct. 1793","213 L. Ed. 2d 54","2022 U.S. LEXIS 2829",2021,1709,"Roberts","21-147","EGBERT v. BOULE",3/2/2022,,19,60,208,,1,,,0,129,,29,,1,12,3,2,1,3,0,1,0,0,80060,8,1,0,1,,2,205,,108,111,1,6,3
"2021-049","2021-049-01","2021-049-01-01","2021-049-01-01-01",6/29/2022,1,,"142 S. Ct. 2455","213 L. Ed. 2d 808","2022 U.S. LEXIS 3221",2021,1709,"Roberts","20-603","TORRES v. TEXAS DEPARTMENT OF PUBLIC SAFETY",3/29/2022,,186,,7,51,1,,,0,302,51,301,51,,11,3,1,1,4,0,1,0,0,100130,10,2,0,1,,1,116,,110,111,1,5,4
"2021-050","2021-050-01","2021-050-01-01","2021-050-01-01-01",4/28/2022,5,,"142 S. Ct. 1582","212 L. Ed. 2d 575","2022 U.S. LEXIS 2229",2021,1709,"Roberts","20-807","LEDURE v. UNION PACIFIC RAILROAD COMPANY",3/28/2022,,231,,,,1,,,0,27,,67,,,,2,1,1,2,0,0,0,0,,,1,,,,,,,,,1,4,4
"2021-051","2021-051-01","2021-051-01-01","2021-051-01-01-01",6/15/2022,1,,"142 S. Ct. 1880","213 L. Ed. 2d 203","2022 U.S. LEXIS 2939",2021,1709,"Roberts","20-1034","GOLAN v. SAADA",3/22/2022,,188,,153,,1,,,0,94,,22,,0,11,2,1,1,5,0,1,0,0,20170,2,2,,4,,5,509,,113,111,1,9,0
"2021-053","2021-053-01","2021-053-01-01","2021-053-01-01-01",6/15/2022,1,,"142 S. Ct. 1906","213 L. Ed. 2d 179","2022 U.S. LEXIS 2940",2021,1709,"Roberts","20-1573","VIKING RIVER CRUISES v. MORIANA",3/30/2022,,151,,145,,1,,,0,302,6,301,6,0,12,2,2,1,4,0,1,0,0,70010,7,1,0,4,,3,388,,112,111,1,8,1
"2021-055","2021-055-01","2021-055-01-01","2021-055-01-01-01",6/15/2022,1,,,,"2022 U.S. LEXIS 2944",2021,1709,"Roberts","21-234","GEORGE v. MCDONOUGH",4/19/2022,,250,,414,,1,,,0,6,,8,,0,12,2,1,1,2,0,0,0,0,20250,2,1,0,4,,6,600,"38 U. S. C. 1110",117,111,1,6,3
"2021-056","2021-056-01","2021-056-01-01","2021-056-01-01-01",6/23/2022,1,,"142 S. Ct. 2191","213 L. Ed. 2d 517","2022 U.S. LEXIS 3052",2021,1709,"Roberts","21-248","BERGER v. NORTH CAROLINA STATE CONFERENCE OF THE NAACP",3/21/2022,,17,38,207,,1,,,0,99,,24,,1,2,4,1,1,3,0,1,0,0,20010,2,1,,,,,,,115,111,1,8,1
"2021-057","2021-057-01","2021-057-01-01","2021-057-01-01-01",6/6/2022,1,,"142 S. Ct. 1783","213 L. Ed. 2d 27","2022 U.S. LEXIS 2815",2021,1709,"Roberts","21-309","SOUTHWEST AIRLINES CO. v. SAXON",3/28/2022,,104,,145,,1,,,0,66,,27,,0,2,3,2,1,2,0,0,0,0,70010,7,2,,4,,3,388,,108,111,1,8,0
"2021-058","2021-058-01","2021-058-01-01","2021-058-01-01-01",5/23/2022,1,,"142 S. Ct. 1708","212 L. Ed. 2d 753","2022 U.S. LEXIS 2514",2021,1709,"Roberts","21-328","MORGAN v. SUNDANCE, INC.",3/21/2022,,145,,151,,1,,,0,71,,28,,1,2,4,1,1,5,0,1,0,0,70010,7,2,,4,,3,388,,114,111,1,9,0
"2021-059","2021-059-01","2021-059-01-01","2021-059-01-01-01",6/13/2022,1,,"142 S. Ct. 2078","213 L. Ed. 2d 163","2022 U.S. LEXIS 2861",2021,1709,"Roberts","21-401","ZF AUTOMOTIVE US v. LUXSHARE, LTD.",3/23/2022,,122,,122,,1,,,0,81,,26,,0,2,2,2,1,3,0,1,0,0,80160,8,1,,4,,6,600,"28 USC 1782",117,111,1,9,0
"2021-060","2021-060-01","2021-060-01-01","2021-060-01-01-01",6/21/2022,1,,,,"2022 U.S. LEXIS 3010",2021,1709,"Roberts","21-404","UNITED STATES v. WASHINGTON",4/18/2022,,27,,28,56,1,,,,128,,29,,0,11,2,1,3,4,0,1,0,0,100120,10,2,,2,,1,148,,110,111,1,9,0
"2021-061","2021-061-01","2021-061-01-01","2021-061-01-01-01",6/27/2022,1,,"142 S. Ct. 2407","213 L. Ed. 2d 755","2022 U.S. LEXIS 3218",2021,1709,"Roberts","21-418","KENNEDY v. BREMERTON SCHOOL DISTRICT",4/25/2022,,8,56,21,56,1,,,0,129,,29,,1,12,2,2,4,3,0,1,1,0,30170,3,1,0,2,,2,203,,115,111,1,6,3
"2021-062","2021-062-01","2021-062-01-01","2021-062-01-01-01",6/29/2022,1,,"142 S. Ct. 2486","213 L. Ed. 2d 847","2022 U.S. LEXIS 3222",2021,1709,"Roberts","21-429","OKLAHOMA v. CASTRO-HUERTA",4/27/2022,,28,42,126,,1,,,0,302,42,300,42,,11,8,2,1,4,0,0,0,0,100020,10,1,0,3,,1,148,,116,111,1,5,4
"2021-063","2021-063-01","2021-063-01-01","2021-063-01-01-01",6/23/2022,1,,"142 S. Ct. 2214","213 L. Ed. 2d 499","2022 U.S. LEXIS 3054",2021,1709,"Roberts","21-439","NANCE v. WARD",4/25/2022,,215,,4,13,1,,,0,60,,31,,1,12,5,1,1,4,0,1,0,0,10130,1,2,0,4,,6,600,"42 USC 1983 Civil action for deprivation of rights",114,111,1,5,4
"2021-064","2021-064-01","2021-064-01-01","2021-064-01-01-01",6/6/2022,1,,"142 S. Ct. 1770","213 L. Ed. 2d 39","2022 U.S. LEXIS 2681",2021,1709,"Roberts","21-441","SIEGEL v. FITZGERALD",4/18/2022,,114,,327,,1,,,0,20,,24,,1,2,3,1,2,4,0,1,0,0,80030,8,2,,1,,1,112,,113,111,1,9,0
"2021-066","2021-066-01","2021-066-01-01","2021-066-01-01-01",6/23/2022,1,,"142 S. Ct. 2095","213 L. Ed. 2d 479","2022 U.S. LEXIS 3053",2021,1709,"Roberts","21-499","VEGA v. TEKOH",4/20/2022,,110,,5,6,1,,,0,48,,29,,0,12,4,2,1,4,0,1,0,0,10100,1,1,0,4,,6,600,"42 USC 1983 Civil action for deprivation of rights",112,111,1,6,3
"2021-067","2021-067-01","2021-067-01-01","2021-067-01-01-01",6/21/2022,1,,"142 S. Ct. 2037","213 L. Ed. 2d 318","2022 U.S. LEXIS 3008",2021,1709,"Roberts","21-511","SHOOP v. TWYFORD",4/26/2022,,19,41,215,,1,,,0,104,,26,,1,12,2,2,1,4,0,1,0,0,10020,1,1,0,4,,6,600,"All Writs Act, 28 U. S. C. ¤1651",111,111,1,5,4
"2021-068","2021-068-01","2021-068-01-01","2021-068-01-01-01",6/13/2022,1,,"142 S. Ct. 1856","213 L. Ed. 2d 90","2022 U.S. LEXIS 2835",2021,1709,"Roberts","21-5726","KEMP v. UNITED STATES",4/19/2022,,126,,27,,1,,,0,58,,31,,0,2,2,1,1,2,0,0,0,0,90110,9,1,0,4,,4,400,,108,111,1,8,1
"2021-069","2021-069-01","2021-069-01-01","2021-069-01-01-01",6/30/2022,1,,"142 S. Ct. 2528","213 L. Ed. 2d 956","2022 U.S. LEXIS 3269",2021,1709,"Roberts","21-954","BIDEN v. TEXAS",4/26/2022,,422,,28,51,1,120,,0,120,,25,,0,12,2,1,1,4,0,1,0,0,20110,2,2,0,4,,3,344,,111,111,1,5,4
"2022-001","2022-001-01","2022-001-01-01","2022-001-01-01-01",5/25/2023,1,"598 U.S. 651","143 S. Ct. 1322","215 L. Ed. 2d 579","2023 U.S. LEXIS 2202",2022,1710,"Roberts","21-454","SACKETT v. ENVIRONMENTAL PROTECTION AGENCY",10/3/2022,,195,,333,,1,,,0,64,,29,,0,11,2,2,1,4,0,1,0,0,80130,8,1,0,4,,3,338,,112,111,1,9,0
"2022-002","2022-002-01","2022-002-01-01","2022-002-01-01-01",2/28/2023,1,"598 U.S. 115","143 S. Ct. 696","215 L. Ed. 2d 24","2023 U.S. LEXIS 1037",2022,1710,"Roberts","22O145","DELAWARE v. PENNSYLVANIA AND WISCONSIN",10/3/2022,,28,9,28,45,9,,,0,,,,,,1,,,1,,0,,0,0,110020,11,3,,3,,1,140,,118,111,1,9,0
"2022-003","2022-003-01","2022-003-01-01","2022-003-01-01-01",1/23/2023,1,"598 U.S. 1","143 S. Ct. 543","214 L. Ed. 2d 315","2023 U.S. LEXIS 541",2022,1710,"Roberts","21-432","ARELLANO v. MCDONOUGH",10/4/2022,,250,,414,,1,114,,0,6,,8,,0,7,2,1,1,2,0,0,0,0,20250,2,1,,4,,6,600,"38 U.S.C. 5110",117,111,1,9,0
"2022-004","2022-004-01","2022-004-01-01","2022-004-01-01-01",6/8/2023,1,"599 U.S. 1","143 S. Ct. 1487","216 L. Ed. 2d 60","2023 U.S. LEXIS 2423",2022,1710,"Roberts","21-1086","ALLEN v. MILLIGAN",10/4/2022,,7,1,251,,2,,,1,42,,42,,0,1,,2,1,2,0,0,0,0,20020,2,2,0,4,,3,378,,111,111,1,5,4
"2022-005","2022-005-01","2022-005-01-01","2022-005-01-01-01",4/19/2023,1,"598 U.S. 230","143 S. Ct. 955","215 L. Ed. 2d 218","2023 U.S. LEXIS 1665",2022,1710,"Roberts","21-442","REED v. GOERTZ",10/11/2022,,215,,19,51,1,,,0,122,,25,,0,2,2,1,1,3,0,1,0,0,10600,1,2,0,4,,3,314,,116,111,1,6,3
"2022-006","2022-006-01","2022-006-01-01","2022-006-01-01-01",5/11/2023,1,"598 U.S. 356","143 S. Ct. 1142","215 L. Ed. 2d 336","2023 U.S. LEXIS 1892",2022,1710,"Roberts","21-468","NATIONAL PORK PRODUCERS COUNCIL v. ROSS",10/11/2022,,158,,7,6,1,,,0,51,,29,,0,11,2,2,1,2,0,0,0,0,80110,8,2,0,2,,1,111,,115,108,1,5,4
"2022-007","2022-007-01","2022-007-01-01","2022-007-01-01-01",5/18/2023,1,"598 U.S. 508","143 S. Ct. 1258","215 L. Ed. 2d 473","2023 U.S. LEXIS 2061",2022,1710,"Roberts","21-869","ANDY WARHOL FOUNDATION FOR THE VISUAL ARTS v. GOLDSMITH",10/12/2022,,102,,112,,1,,,0,96,,22,,0,12,4,1,1,2,0,0,0,0,80190,8,1,0,4,,6,600,"Copyright Act",113,108,1,7,2
"2022-008","2022-008-01","2022-008-01-01","2022-008-01-01-01",2/22/2023,1,"598 U.S. 39","143 S. Ct. 677","214 L. Ed. 2d 409","2023 U.S. LEXIS 944",2022,1710,"Roberts","21-984","HELIX ENERGY SOLUTIONS GROUP v. HEWITT",10/12/2022,,151,,145,,1,,,0,121,,25,,1,12,3,2,1,2,0,0,0,0,70040,7,2,0,4,,3,334,,114,111,1,6,3
"2022-009","2022-009-01","2022-009-01-01","2022-009-01-01-01",6/29/2023,1,"600 U.S. 181","143 S. Ct. 2141","216 L. Ed. 2d 857","2023 U.S. LEXIS 2791",2022,1710,"Roberts","20-1199","STUDENTS FOR FAIR ADMISSIONS INC. v. PRESIDENT & FELLOWS OF HARVARD COLLEGE",10/31/2022,,207,,232,,1,,,0,80,,21,,0,12,2,2,1,3,0,1,1,0,20070,2,1,0,2,,2,231,,111,111,1,6,2
"2022-011","2022-011-01","2022-011-01-01","2022-011-01-01-01",2/22/2023,1,"598 U.S. 17","143 S. Ct. 650","214 L. Ed. 2d 391","2023 U.S. LEXIS 945",2022,1710,"Roberts","21-846","CRUZ v. ARIZONA",11/1/2022,,215,,28,4,1,,,0,302,4,300,4,0,11,2,1,1,5,0,1,0,0,100020,10,2,0,2,,1,148,,113,111,1,5,4
"2022-012","2022-012-01","2022-012-01-01","2022-012-01-01-01",6/22/2023,1,"599 U.S. 465","143 S. Ct. 1857","216 L. Ed. 2d 471","2023 U.S. LEXIS 2632",2022,1710,"Roberts","21-857","JONES v. HENDRIX",11/1/2022,,126,,19,60,1,,,0,46,,28,,0,2,2,1,1,2,0,0,0,0,10020,1,1,0,4,,3,341,,108,111,1,6,3
"2022-013","2022-013-01","2022-013-01-01","2022-013-01-01-01",2/28/2023,1,"598 U.S. 85","143 S. Ct. 713","215 L. Ed. 2d 1","2023 U.S. LEXIS 1038",2022,1710,"Roberts","21-1195","BITTNER v. UNITED STATES",11/2/2022,,240,,27,,1,,,0,119,,25,,0,2,3,2,1,4,0,1,0,0,120010,12,1,0,4,,3,345,,115,111,1,5,4
"2022-015","2022-015-01","2022-015-01-01","2022-015-01-01-01",4/14/2023,1,"598 U.S. 175","143 S. Ct. 890","215 L. Ed. 2d 151","2023 U.S. LEXIS 1500",2022,1710,"Roberts","21-86","AXON ENTERPRISE v. FEDERAL TRADE COMMISSION",11/7/2022,,122,,357,,1,,,0,45,,29,,1,2,2,1,1,4,0,1,0,0,90120,9,2,,4,,6,600,"28 USC 1331",114,111,1,9,0
"2022-016","2022-016-01","2022-016-01-01","2022-016-01-01-01",6/27/2023,7,"600 U.S. 122","143 S. Ct. 2028","216 L. Ed. 2d 815","2023 U.S. LEXIS 2786",2022,1710,"Roberts","21-1168","MALLORY v. NORFOLK SOUTHERN RAILWAY CO.",11/8/2022,,230,,231,,1,,,0,302,45,300,45,0,6,2,1,1,5,0,1,0,0,40020,4,1,0,2,,2,230,,115,108,1,5,4
"2022-017","2022-017-01","2022-017-01-01","2022-017-01-01-01",6/8/2023,1,"599 U.S. 166","143 S. Ct. 1444","216 L. Ed. 2d 183","2023 U.S. LEXIS 2421",2022,1710,"Roberts","21-806","HEALTH AND HOSPITAL CORPORATION OF MARION COUNTY, INDIANA v. TALEVSKI",11/8/2022,,167,,204,,1,,,0,68,,27,,0,12,3,2,1,2,0,0,0,0,20400,2,2,0,4,,6,600,"Federal Nursing Home Reform Act,",118,111,1,7,2
"2022-018","2022-018-01","2022-018-01-01","2022-018-01-01-01",6/15/2023,1,"599 U.S. 255","143 S. Ct. 1609","216 L. Ed. 2d 254","2023 U.S. LEXIS 2545",2022,1710,"Roberts","21-376","HAALAND v. BRACKEEN",11/9/2022,,326,,202,,1,,,0,120,,25,,1,12,6,1,1,7,0,0,0,0,20150,2,2,0,1,,1,111,,117,111,1,7,2
"2022-019","2022-019-01","2022-019-01-01","2022-019-01-01-01",6/30/2023,1,"600 U.S. 570","143 S. Ct. 2298","216 L. Ed. 2d 1131","2023 U.S. LEXIS 2794",2022,1710,"Roberts","21-476","303 CREATIVE LLC v. ELENIS",12/5/2022,,122,,4,7,1,,,0,52,,30,,1,12,2,2,1,3,0,1,0,0,20130,2,1,0,2,,2,200,,115,111,1,6,3
"2022-020","2022-020-01","2022-020-01-01","2022-020-01-01-01",2/22/2023,1,"598 U.S. 69","143 S. Ct. 665","214 L. Ed. 2d 434","2023 U.S. LEXIS 943",2022,1710,"Roberts","21-908","BARTENWERFER v. BUCKLEY",12/6/2022,,138,,135,,1,,,0,20,,29,,0,7,3,1,1,2,0,0,0,0,80030,8,1,,4,,3,307,,117,111,1,9,0
"2022-021","2022-021-01","2022-021-01-01","2022-021-01-01-01",6/16/2023,1,"599 U.S. 419","143 S. Ct. 1720","216 L. Ed. 2d 370","2023 U.S. LEXIS 2547",2022,1710,"Roberts","21-1052","U.S., EX REL. POLANSKY v. EXECUTIVE HEALTH RESOURCES",12/6/2022,,27,,165,,1,,,0,109,,23,,0,2,2,1,1,2,0,0,0,0,80170,8,1,0,4,,3,325,,114,111,1,8,1
"2022-022","2022-022-01","2022-022-01-01","2022-022-01-01-01",5/11/2023,1,"598 U.S. 319","143 S. Ct. 1130","215 L. Ed. 2d 305","2023 U.S. LEXIS 1889",2022,1710,"Roberts","21-1158","PERCOCO v. UNITED STATES",11/28/2022,,126,,27,,1,,,0,96,,22,,0,11,2,1,1,4,0,1,0,0,10450,1,2,,4,,6,600,"18 U.S.C. 1343",112,111,1,9,0
"2022-023","2022-023-01","2022-023-01-01","2022-023-01-01-01",3/28/2023,1,"598 U.S. 152","143 S. Ct. 870","215 L. Ed. 2d 116","2023 U.S. LEXIS 1394",2022,1710,"Roberts","21-1164","WILKINS v. UNITED STATES",11/30/2022,,195,,27,,1,,,0,88,,29,,0,2,2,1,1,4,0,1,0,0,80150,8,2,0,4,,6,600,"Quiet Title Act, 28 U.S.C.S. ¤ 2409a",113,113,1,6,3
"2022-024","2022-024-01","2022-024-01-01","2022-024-01-01-01",5/11/2023,1,"598 U.S. 306","143 S. Ct. 1121","215 L. Ed. 2d 294","2023 U.S. LEXIS 1888",2022,1710,"Roberts","21-1170","CIMINELLI v. UNITED STATES",11/28/2022,,126,,27,,1,,,0,96,,22,,0,11,2,1,1,4,0,1,0,0,10450,1,2,,4,,6,600,"18 U.S.C. 1343",108,111,1,9,0
"2022-025","2022-025-01","2022-025-01-01","2022-025-01-01-01",4/19/2023,1,"598 U.S. 288","143 S. Ct. 927","215 L. Ed. 2d 262","2023 U.S. LEXIS 1666",2022,1710,"Roberts","21-1270","MOAC MALL HOLDINGS LLC v. TRANSFORM HOLDCO LLC",12/5/2022,,235,,114,,1,,,0,96,,22,,0,2,5,2,1,5,0,1,0,0,80030,8,1,,4,,3,307,,118,111,1,9,0
"2022-026","2022-026-01","2022-026-01-01","2022-026-01-01-01",6/27/2023,1,"600 U.S. 1","143 S. Ct. 2065","216 L. Ed. 2d 729","2023 U.S. LEXIS 2787",2022,1710,"Roberts","21-1271","MOORE v. HARPER",12/7/2022,,17,38,251,,1,,,0,302,38,300,38,0,12,3,2,3,2,0,0,0,0,20090,2,2,0,2,,1,104,,111,111,1,6,3
"2022-027","2022-027-01","2022-027-01-01","2022-027-01-01-01",1/23/2023,6,"598 U.S. 15","143 S. Ct. 543","214 L. Ed. 2d 329","2023 U.S. LEXIS 539",2022,1710,"Roberts","21-1397","in re GRAND JURY",1/9/2023,,501,,501,,1,,,0,48,,29,,,13,2,,1,9,0,,0,0,,,,,,,,,,,111,1,9,0
"2022-028","2022-028-01","2022-028-01-01","2022-028-01-01-01",5/18/2023,1,"598 U.S. 449","143 S. Ct. 1193","215 L. Ed. 2d 426","2023 U.S. LEXIS 2057",2022,1710,"Roberts","21-1454","OHIO ADJUTANT GENERAL’S DEPARTMENT v. FEDERAL LABOR RELATIONS AUTHORITY",1/9/2023,,8,41,347,,1,47,,0,26,,26,,0,11,9,2,1,2,0,0,0,0,70120,7,2,0,4,,3,350,,108,111,1,7,2
"2022-030","2022-030-01","2022-030-01-01","2022-030-01-01-01",6/1/2023,1,"598 U.S. 771","143 S. Ct. 1404","216 L. Ed. 2d 28","2023 U.S. LEXIS 2299",2022,1710,"Roberts","21-1449","GLACIER NORTHWEST v. INT'L BROTHERHOOD OF TEAMSTERS",1/10/2023,,151,,249,,1,,,0,301,56,300,56,0,11,3,2,1,4,0,1,0,0,70210,7,1,0,4,,3,356,,117,111,1,8,1
"2022-031","2022-031-01","2022-031-01-01","2022-031-01-01-01",5/11/2023,1,"598 U.S. 339","143 S. Ct. 1176","215 L. Ed. 2d 321","2023 U.S. LEXIS 1890",2022,1710,"Roberts","22-96","FINANCIAL OVERSIGHT AND MANAGEMENT BD FOR PUERTO RICO v. CENTRO DE PERIODISMO INVESTIGATIVO",1/11/2023,,4,46,190,,1,,,0,112,,21,,1,12,2,2,1,4,0,1,0,0,110033,13,1,0,4,,6,600,"48 U.S.C. 2101",114,111,1,8,1
"2022-032","2022-032-01","2022-032-01-01","2022-032-01-01-01",4/19/2023,1,"598 U.S. 264","143 S. Ct. 940","215 L. Ed. 2d 242","2023 U.S. LEXIS 1667",2022,1710,"Roberts","21-1450","TURKIYE HALK BANKASI A.S. v. UNITED STATES",1/17/2023,,24,,27,,1,,,0,96,,22,,0,12,2,1,1,7,0,1,0,0,10110,1,1,1,4,,6,600,"Federal Sovereign Immunities Act",116,111,1,9,0
"2022-033","2022-033-01","2022-033-01-01","2022-033-01-01-01",5/11/2023,1,"598 U.S. 411","143 S. Ct. 1103","215 L. Ed. 2d 375","2023 U.S. LEXIS 1891",2022,1710,"Roberts","21-1436","SANTOS-ZACARIA v. GARLAND",1/17/2023,,106,,1,,1,7,,0,25,,25,,1,2,9,1,1,5,0,1,0,0,20110,2,2,,4,,6,600,"8 U.S.C. 1252",118,111,1,9,0
"2022-034","2022-034-01","2022-034-01-01","2022-034-01-01-01",3/21/2023,1,"598 U.S. 142","143 S. Ct. 859","215 L. Ed. 2d 95","2023 U.S. LEXIS 1291",2022,1710,"Roberts","21-887","PEREZ v. STURGIS PUBLIC SCHOOLS",1/18/2023,,140,,21,27,1,,,0,82,,26,,0,3,2,1,1,4,0,1,0,0,20210,2,2,,4,,3,340,,115,111,1,9,0
"2022-035","2022-035-01","2022-035-01-01","2022-035-01-01-01",5/18/2023,6,"598 U.S. 617","143 S. Ct. 1191","215 L. Ed. 2d 555","2023 U.S. LEXIS 2059",2022,1710,"Roberts","21-1333","GONZALEZ v. GOOGLE LLC",2/21/2023,,208,,133,,1,,,0,50,,29,,0,11,3,1,1,5,0,0,0,0,80070,8,1,,4,,6,600,"Section 230 of Communications Decency Act",,111,1,9,0
"2022-036","2022-036-01","2022-036-01-01","2022-036-01-01-01",5/18/2023,1,"598 U.S. 471","143 S. Ct. 1206","215 L. Ed. 2d 444","2023 U.S. LEXIS 2060",2022,1710,"Roberts","21-1496","TWITTER v. TAAMNEH",2/22/2023,,133,,208,,1,,,0,50,,29,,0,11,3,2,1,3,0,1,0,0,80070,8,1,,4,,6,600,"18 U.S.C. 2333",108,111,1,9,0
"2022-037","2022-037-01","2022-037-01-01","2022-037-01-01-01",6/8/2023,1,"599 U.S. 110","143 S. Ct. 1557","216 L. Ed. 2d 136","2023 U.S. LEXIS 2420",2022,1710,"Roberts","22-10","DUBIN v. UNITED STATES",2/27/2023,,126,,27,,1,,,0,122,,25,,1,2,2,1,1,5,0,1,0,0,10450,1,2,,4,,6,600,"18 USC 1347",113,111,1,9,0
"2022-038","2022-038-01","2022-038-01-01","2022-038-01-01-01",6/30/2023,1,"600 U.S. 477","143 S. Ct. 2355","216 L. Ed. 2d 1063","2023 U.S. LEXIS 2793",2022,1710,"Roberts","22-506","BIDEN v. NEBRASKA",2/28/2023,,19,60,28,32,1,,,0,86,,81,,0,12,,2,1,4,0,1,0,0,80350,8,1,0,4,,6,600,"HEROES Act",111,111,1,6,3
"2022-039","2022-039-01","2022-039-01-01","2022-039-01-01-01",6/30/2023,1,"600 U.S. 551","143 S. Ct. 2343","216 L. Ed. 2d 1116","2023 U.S. LEXIS 2792",2022,1710,"Roberts","22-535","DEPARTMENT OF EDUCATION v. BROWN",2/28/2023,,330,,214,,1,,,0,120,,120,,0,12,,1,1,5,0,1,0,0,90310,9,1,,1,,1,139,,112,111,1,9,0
"2022-040","2022-040-01","2022-040-01-01","2022-040-01-01-01",4/18/2023,1,"598 U.S. 218","143 S. Ct. 918","215 L. Ed. 2d 208","2023 U.S. LEXIS 1663",2022,1710,"Roberts","22O156","NEW YORK v. NEW JERSEY",3/1/2023,,28,37,28,35,9,,,0,,,,,,1,,,1,1,0,1,0,0,110030,11,3,,7,,1,130,,116,111,1,9,0
"2022-041","2022-041-01","2022-041-01-01","2022-041-01-01-01",6/23/2023,1,"599 U.S. 762","143 S. Ct. 1932","216 L. Ed. 2d 692","2023 U.S. LEXIS 2638",2022,1710,"Roberts","22-179","UNITED STATES v. HANSEN",3/27/2023,,27,,126,,1,,,0,49,,29,,1,12,5,2,1,4,0,1,0,0,30010,3,1,0,1,4,2,200,,117,111,1,7,2
"2022-042","2022-042-01","2022-042-01-01","2022-042-01-01-01",6/22/2023,1,"599 U.S. 555","143 S. Ct. 1804","216 L. Ed. 2d 540","2023 U.S. LEXIS 2633",2022,1710,"Roberts","21-1484","ARIZONA v. NAVAJO NATION",3/20/2023,,28,4,170,,1,,,0,45,,29,,0,12,3,2,1,3,0,1,0,0,20150,2,1,0,4,,5,509,,116,111,1,5,4
"2022-043","2022-043-01","2022-043-01-01","2022-043-01-01-01",6/23/2023,1,"599 U.S. 736","143 S. Ct. 1915","216 L. Ed. 2d 671","2023 U.S. LEXIS 2636",2022,1710,"Roberts","22-105","COINBASE, INC. v. BIELSKI",3/21/2023,,119,,173,,1,,,0,50,,29,,0,2,2,2,1,4,0,1,0,0,80160,8,1,0,4,,3,388,,116,111,1,5,4
"2022-044","2022-044-01","2022-044-01-01","2022-044-01-01-01",6/29/2023,1,"600 U.S. 412","143 S. Ct. 2522","216 L. Ed. 2d 1013","2023 U.S. LEXIS 2789",2022,1710,"Roberts","21-1043","ABITRON AUSTRIA GMBH v. HETRONIC INT'L",3/21/2023,,159,,172,,1,,,0,107,,30,,0,2,2,1,1,5,0,1,0,0,80200,8,2,,4,,6,600,"Lanham Act, ¤1114(1)(a) and ¤1125(a)(1)",112,111,1,9,0
"2022-045","2022-045-01","2022-045-01-01","2022-045-01-01-01",6/8/2023,1,"599 U.S. 140","143 S. Ct. 1578","216 L. Ed. 2d 161","2023 U.S. LEXIS 2422",2022,1710,"Roberts","22-148","JACK DANIELS PROPERTIES v. VIP PRODUCTS LLC",3/22/2023,,172,,184,,1,,,0,45,,29,,0,11,2,2,1,5,0,1,0,0,80200,8,1,,4,,6,600,"Lanham Act, 15 USC 1114",114,111,1,9,0
"2022-046","2022-046-01","2022-046-01-01","2022-046-01-01-01",5/18/2023,1,"598 U.S. 594","143 S. Ct. 1243","215 L. Ed. 2d 537","2023 U.S. LEXIS 2058",2022,1710,"Roberts","21-757","AMGEN INC. v. SANOFI",3/27/2023,,172,,172,,1,,,0,54,,8,,0,12,2,2,1,2,0,0,0,0,80180,8,2,,4,,6,600,"Patent Act",115,111,1,9,0
"2022-047","2022-047-01","2022-047-01-01","2022-047-01-01-01",6/16/2023,1,"599 U.S. 453","143 S. Ct. 1713","216 L. Ed. 2d 400","2023 U.S. LEXIS 2548",2022,1710,"Roberts","22-49","LORA v. UNITED STATES",3/28/2023,,126,,27,,1,,,0,96,,22,,0,2,2,1,1,5,0,1,0,0,10560,1,2,,4,,6,600,"18 USC 924",118,111,1,9,0
"2022-048","2022-048-01","2022-048-01-01","2022-048-01-01-01",6/15/2023,1,"599 U.S. 236","143 S. Ct. 1594","216 L. Ed. 2d 238","2023 U.S. LEXIS 2546",2022,1710,"Roberts","21-1576","SMITH v. UNITED STATES",3/28/2023,,126,,27,,1,,,0,57,,31,,0,11,5,1,1,2,0,0,0,0,10600,1,1,,1,,1,141,,112,111,1,9,0
"2022-049","2022-049-01","2022-049-01-01","2022-049-01-01-01",6/23/2023,1,"599 U.S. 635","143 S. Ct. 2004","216 L. Ed. 2d 597","2023 U.S. LEXIS 2637",2022,1710,"Roberts","22-196","SAMIA v. UNITED STATES",3/29/2023,,126,,27,,1,,,0,96,,22,,0,11,2,1,1,2,0,0,0,0,10270,1,1,0,1,,2,213,,108,111,1,6,3
"2022-050","2022-050-01","2022-050-01-01","2022-050-01-01-01",5/18/2023,1,"598 U.S. 432","143 S. Ct. 1231","215 L. Ed. 2d 410","2023 U.S. LEXIS 2056",2022,1710,"Roberts","21-1599","POLSELLI v. INTERNAL REVENUE SERVICE",3/29/2023,,240,,369,,1,,,0,81,,26,,1,2,2,2,1,2,0,0,0,0,120010,12,2,,4,,3,345,,111,111,1,9,0
"2022-051","2022-051-01","2022-051-01-01","2022-051-01-01-01",6/1/2023,1,"598 U.S. 759","143 S. Ct. 1433","216 L. Ed. 2d 18","2023 U.S. LEXIS 2301",2022,1710,"Roberts","22-200","SLACK TECHNOLOGIES v. PIRANI",4/17/2023,,133,,237,,1,,,0,50,,29,,1,2,2,2,1,5,0,1,0,0,80120,8,1,,4,,3,365,,115,111,1,9,0
"2022-052","2022-052-01","2022-052-01-01","2022-052-01-01-01",6/22/2023,1,"599 U.S. 600","143 S. Ct. 1833","216 L. Ed. 2d 572","2023 U.S. LEXIS 2634",2022,1710,"Roberts","22-23","PUGIN v. GARLAND",4/17/2023,,106,,1,,1,7,,0,24,,24,,0,2,2,1,1,2,0,0,0,0,20310,2,1,0,4,,3,344,,116,111,1,6,3
"2022-053","2022-053-01","2022-053-01-01","2022-053-01-01-01",6/29/2023,1,"600 U.S. 447","143 S. Ct. 2279","216 L. Ed. 2d 1041","2023 U.S. LEXIS 2790",2022,1710,"Roberts","22-174","GROFF v. DEJOY",4/18/2023,,145,,412,,1,,,0,109,,23,,1,12,2,1,1,5,0,1,0,0,20060,2,2,,4,,3,384,,112,111,1,9,0
"2022-054","2022-054-01","2022-054-01-01","2022-054-01-01-01",6/1/2023,1,"598 U.S. 739","143 S. Ct. 1391","216 L. Ed. 2d 1","2023 U.S. LEXIS 2300",2022,1710,"Roberts","21-1326","UNITED STATES EX REL. SCHUTTE v. SUPERVALU INC.",4/18/2023,,180,,144,,1,,,0,65,,27,,0,11,2,1,1,5,0,1,0,0,80170,8,2,,4,,3,325,,108,111,1,9,0
"2022-055","2022-055-01","2022-055-01-01","2022-055-01-01-01",6/27/2023,1,"600 U.S. 66","143 S. Ct. 2106","216 L. Ed. 2d 775","2023 U.S. LEXIS 2788",2022,1710,"Roberts","22-138","COUNTERMAN v. COLORADO",4/19/2023,,126,,28,7,1,,,0,302,7,301,7,0,4,2,1,1,5,0,1,0,0,30010,3,2,,2,,2,200,,114,111,1,7,2
"2022-056","2022-056-01","2022-056-01-01","2022-056-01-01-01",6/15/2023,1,"599 U.S. 382","143 S. Ct. 1689","216 L. Ed. 2d 342","2023 U.S. LEXIS 2544",2022,1710,"Roberts","22-227","LAC DU FLAMBEAU BAND OF LAKE SUPERIOR CHIPPEWA INDIANS v. COUGHLIN",4/24/2023,,170,,114,,1,,,0,20,,21,,1,2,3,2,1,2,0,0,0,0,80030,8,2,0,4,,3,307,,118,111,1,8,1
"2022-057","2022-057-01","2022-057-01-01","2022-057-01-01-01",5/25/2023,1,"598 U.S. 729","143 S. Ct. 1382","215 L. Ed. 2d 636","2023 U.S. LEXIS 2203",2022,1710,"Roberts","22-210","DUPREE v. YOUNGER",4/24/2023,,19,25,110,,1,,,0,79,,24,,0,2,9,2,1,5,0,1,0,0,90110,9,1,,4,,4,400,,117,111,1,9,0
"2022-058","2022-058-01","2022-058-01-01","2022-058-01-01-01",6/22/2023,1,"599 U.S. 533","143 S. Ct. 1900","216 L. Ed. 2d 521","2023 U.S. LEXIS 2635",2022,1710,"Roberts","22-381","YEGIAZARYAN v. SMAGIN",4/25/2023,,137,,193,,1,,,0,48,,29,,0,2,3,2,1,2,0,0,0,0,80070,8,2,,4,,3,362,,113,111,1,6,3
"2022-059","2022-059-01","2022-059-01-01","2022-059-01-01-01",5/25/2023,1,"598 U.S. 631","143 S. Ct. 1369","215 L. Ed. 2d 564","2023 U.S. LEXIS 2201",2022,1710,"Roberts","22-166","TYLER v. HENNEPIN COUNTY, MINNESOTA",4/26/2023,,138,,5,28,1,,,0,83,,28,,0,12,2,2,3,3,0,1,0,0,40070,4,1,,2,,2,211,,111,111,1,9,0
"2022-061","2022-061-01","2022-061-01-01","2022-061-01-01-01",5/22/2023,2,"598 U.S. 623","143 S. Ct. 1317","215 L. Ed. 2d 557","2023 U.S. LEXIS 2063",2022,1710,"Roberts","22-714","CALCUTT v. FDIC",,,113,,341,,1,41,,0,26,,26,,0,12,2,2,1,4,0,1,0,0,80350,8,1,,4,,6,600,"¤8(e) of the Federal Deposit Insurance Act (FDIA), 12 U. S. C. ¤1818(e),",,111,1,9,0
"2022-062","2022-062-01","2022-062-01-01","2022-062-01-01-01",6/23/2023,1,"599 U.S. 670","143 S. Ct. 1964","216 L. Ed. 2d 624","2023 U.S. LEXIS 2639",2022,1710,"Roberts","22-58","UNITED STATES v. TEXAS",11/29/2022,,27,,28,51,1,,,0,,,,,0,12,,1,1,3,0,1,0,0,90310,9,1,,1,,1,139,,116,111,1,8,1
